District,LBCode,LBName,Assembly
ALAPPUZHA,G04001,Arookutty,Aroor
ALAPPUZHA,G04002,Chennam Pallippuram,Aroor
ALAPPUZHA,G04003,Panavally,Aroor
ALAPPUZHA,G04004,Perumbalam,Aroor
ALAPPUZHA,G04005,Thycattussery,Aroor
ALAPPUZHA,G04006,Aroor,Aroor
ALAPPUZHA,G04007,Ezhupunna,Aroor
ALAPPUZHA,G04008,Kuthiathode,Aroor
ALAPPUZHA,G04009,Kodamthuruth,Aroor
ALAPPUZHA,G04010,Thuravoor,Aroor
ALAPPUZHA,G04011,Pattanakkad,Cherthala
ALAPPUZHA,G04012,Vayalar,Cherthala
ALAPPUZHA,G04013,Kanjikkuzhy,Cherthala
ALAPPUZHA,G04014,Cherthala South,Cherthala
ALAPPUZHA,G04015,Mararikkulam North,Alappuzha
ALAPPUZHA,G04016,Kadakkarapally,Cherthala
ALAPPUZHA,G04017,Thanneermukkam,Cherthala
ALAPPUZHA,G04018,Aryad,Alappuzha
ALAPPUZHA,G04019,Mannanchery,Alappuzha
ALAPPUZHA,G04020,Mararikkulam South,Alappuzha
ALAPPUZHA,G04021,Muhamma,Cherthala
ALAPPUZHA,G04022,Ambalappuzha South,Ambalappuzha
ALAPPUZHA,G04023,Ambalappuzha North,Ambalappuzha
ALAPPUZHA,G04024,Punnapra South,Ambalappuzha
ALAPPUZHA,G04025,Punnapra North,Ambalappuzha
ALAPPUZHA,G04026,Purakkad,Ambalappuzha
ALAPPUZHA,G04027,Edathua,Kuttanad
ALAPPUZHA,G04028,Kainakary,Kuttanad
ALAPPUZHA,G04029,Champakkulam,Kuttanad
ALAPPUZHA,G04030,Thakazhy,Kuttanad
ALAPPUZHA,G04031,Thalavady,Kuttanad
ALAPPUZHA,G04032,Nedumudi,Kuttanad
ALAPPUZHA,G04033,Kavalam,Kuttanad
ALAPPUZHA,G04034,Pulincunnu,Kuttanad
ALAPPUZHA,G04035,Neelamperoor,Kuttanad
ALAPPUZHA,G04036,Muttar,Kuttanad
ALAPPUZHA,G04037,Ramankary,Kuttanad
ALAPPUZHA,G04038,Veliyanad,Kuttanad
ALAPPUZHA,G04039,Cheriyanad,Chengannur
ALAPPUZHA,G04040,Ala,Chengannur
ALAPPUZHA,G04041,Puliyur,Chengannur
ALAPPUZHA,G04042,Budhannur,Chengannur
ALAPPUZHA,G04043,Pandanad,Chengannur
ALAPPUZHA,G04044,Thiruvanvandoor,Chengannur
ALAPPUZHA,G04045,Mulakkuzha,Chengannur
ALAPPUZHA,G04046,Venmony,Chengannur
ALAPPUZHA,G04047,Karthikapally,Harippad
ALAPPUZHA,G04048,Thrikkunnappuzha,Harippad
ALAPPUZHA,G04049,Kumarapuram,Harippad
ALAPPUZHA,G04050,Karuvatta,Harippad
ALAPPUZHA,G04052,Pallippad,Harippad
ALAPPUZHA,G04053,Cheruthana,Harippad
ALAPPUZHA,G04054,Veeyapuram,Kuttanad
ALAPPUZHA,G04055,Mavelikkara Thekkekkara,Mavelikkara
ALAPPUZHA,G04056,Chettikulangara,Kayamkulam
ALAPPUZHA,G04057,Chennithala Thripperuthura,Chengannur
ALAPPUZHA,G04058,Thazhakkara,Mavelikkara
ALAPPUZHA,G04059,Mannar,Chengannur
ALAPPUZHA,G04060,Chunakkara,Mavelikkara
ALAPPUZHA,G04061,Nooranad,Mavelikkara
ALAPPUZHA,G04062,Palamel,Mavelikkara
ALAPPUZHA,G04063,Bharanikkavu,Kayamkulam
ALAPPUZHA,G04064,Mavelikkara - Thamarakkulam,Mavelikkara
ALAPPUZHA,G04065,Vallikunnam,Mavelikkara
ALAPPUZHA,G04066,Pathiyoor,Kayamkulam
ALAPPUZHA,G04067,Kandalloor,Kayamkulam
ALAPPUZHA,G04068,Cheppad,Harippad
ALAPPUZHA,G04069,Muthukulam,Harippad
ALAPPUZHA,G04070,Aarattupuzha,Harippad
ALAPPUZHA,G04071,Krishnapuram,Kayamkulam
ALAPPUZHA,G04072,Devikulangara,Kayamkulam
ALAPPUZHA,G04073,Chingoli,Harippad
ALAPPUZHA,M04011,Kayamkulam,Kayamkulam
ALAPPUZHA,M04012,Mavelikkara,Mavelikkara
ALAPPUZHA,M04013,Chengannur,Chengannur
ALAPPUZHA,M04015,Cherthala,Cherthala
ALAPPUZHA,M04062,Harippad,Harippad
ERNAKULAM,G07001,Chendamangalam,Paravur
ERNAKULAM,G07002,Kottuvally,Paravur
ERNAKULAM,G07003,Ezhikkara,Paravur
ERNAKULAM,G07004,Vadakkekara,Paravur
ERNAKULAM,G07005,Chittattukara,Paravur
ERNAKULAM,G07006,Karumalloor,Kalamassery
ERNAKULAM,G07007,Varapuzha,Paravur
ERNAKULAM,G07008,Alangad,Kalamassery
ERNAKULAM,G07009,Kadungalloor,Kalamassery
ERNAKULAM,G07010,Mookkanoor,Angamaly
ERNAKULAM,G07011,Thuravoor,Angamaly
ERNAKULAM,G07012,Manjapra,Angamaly
ERNAKULAM,G07013,Karukutty,Angamaly
ERNAKULAM,G07014,Ayyampuzha,Angamaly
ERNAKULAM,G07015,Kanjoor,Aluva
ERNAKULAM,G07016,Kalady,Angamaly
ERNAKULAM,G07017,Malayattoor- Neeleeswaram,Angamaly
ERNAKULAM,G07018,Asamannur,Perumbavoor
ERNAKULAM,G07019,Mudakkuzha,Perumbavoor
ERNAKULAM,G07020,Vengoor,Perumbavoor
ERNAKULAM,G07021,Rayamangalam,Perumbavoor
ERNAKULAM,G07022,Koovappady,Perumbavoor
ERNAKULAM,G07023,Okkal,Perumbavoor
ERNAKULAM,G07024,Vengola,Perumbavoor
ERNAKULAM,G07025,Vazhakkulam,Kunnathunad
ERNAKULAM,G07026,Kizhakkambalam,Kunnathunad
ERNAKULAM,G07027,Choornikkara,Aluva
ERNAKULAM,G07028,Edathala,Aluva
ERNAKULAM,G07029,Keezhmadu,Aluva
ERNAKULAM,G07030,Kadamakkudy,Vypin
ERNAKULAM,G07031,Cheranallur,Ernakulam
ERNAKULAM,G07032,Mulavukadu,Vypin
ERNAKULAM,G07033,Elamkunnapuzha,Vypin
ERNAKULAM,G07034,Njarakkal,Vypin
ERNAKULAM,G07035,Nayarambalam,Vypin
ERNAKULAM,G07036,Edavanakad,Vypin
ERNAKULAM,G07037,Pallippuram,Vypin
ERNAKULAM,G07038,Kuzhuppilly,Vypin
ERNAKULAM,G07039,Chellanam,Kochi
ERNAKULAM,G07040,Kumbalanghy,Kochi
ERNAKULAM,G07041,Kumbalam,Thrippunithara
ERNAKULAM,G07042,Udayamperoor,Thrippunithara
ERNAKULAM,G07043,Mulamthuruthy,Piravom
ERNAKULAM,G07044,Chottanikara,Piravom
ERNAKULAM,G07045,Edakkattuvayal,Piravom
ERNAKULAM,G07046,Amballur,Piravom
ERNAKULAM,G07047,Maneedu,Piravom
ERNAKULAM,G07048,Poothrikka,Kunnathunad
ERNAKULAM,G07049,Thiruvaniyoor,Kunnathunad
ERNAKULAM,G07050,Vadavucode- Puthencruz,Kunnathunad
ERNAKULAM,G07051,Mazhuvannur,Kunnathunad
ERNAKULAM,G07052,Aikkaranadu,Kunnathunad
ERNAKULAM,G07053,Kunnathunad,Kunnathunad
ERNAKULAM,G07054,Paingottoor,Muvattupuzha
ERNAKULAM,G07055,Nellikuzhy,Kothamangalam
ERNAKULAM,G07056,Pindimana,Kothamangalam
ERNAKULAM,G07057,Kavalangad,Kothamangalam
ERNAKULAM,G07058,Varapetty,Kothamangalam
ERNAKULAM,G07059,Keerampara,Kothamangalam
ERNAKULAM,G07060,Pothanikkad,Muvattupuzha
ERNAKULAM,G07061,Pallarimangalam,Kothamangalam
ERNAKULAM,G07062,Kuttampuzha,Kothamangalam
ERNAKULAM,G07063,Kottapady,Kothamangalam
ERNAKULAM,G07064,Elanji,Piravom
ERNAKULAM,G07066,Thirumaradi,Piravom
ERNAKULAM,G07068,Palakuzha,Muvattupuzha
ERNAKULAM,G07069,Pampakuda,Piravom
ERNAKULAM,G07070,Ramamangalam,Piravom
ERNAKULAM,G07071,Chengamanadu,Aluva
ERNAKULAM,G07072,Nedumbassery,Aluva
ERNAKULAM,G07073,Parakkadavu,Angamaly
ERNAKULAM,G07074,Kunnukara,Kalamassery
ERNAKULAM,G07075,Sreemoolanagaram,Aluva
ERNAKULAM,G07076,Puthenvelikara,Paravur
ERNAKULAM,G07077,Avoly,Muvattupuzha
ERNAKULAM,G07078,Arakkuzha,Muvattupuzha
ERNAKULAM,G07079,Paipra,Muvattupuzha
ERNAKULAM,G07080,Kalloorkad,Muvattupuzha
ERNAKULAM,G07081,Ayavana,Muvattupuzha
ERNAKULAM,G07082,Manjallur,Muvattupuzha
ERNAKULAM,G07083,Marady,Muvattupuzha
ERNAKULAM,G07084,Valakom,Muvattupuzha
ERNAKULAM,M07021,Thrippunithura,Thrippunithara
ERNAKULAM,M07022,Muvattupuzha,Muvattupuzha
ERNAKULAM,M07023,Kothamangalam,Kothamangalam
ERNAKULAM,M07024,Perumbavoor,Perumbavoor
ERNAKULAM,M07025,Aluva,Aluva
ERNAKULAM,M07026,Kalamassery,Kalamassery
ERNAKULAM,M07027,North Paravur,Paravur
ERNAKULAM,M07028,Angamaly,Angamaly
ERNAKULAM,M07029,Eloor,Kalamassery
ERNAKULAM,M07030,Thrikkakara,Thrikkakara
ERNAKULAM,M07031,Maradu,Thrippunithara
ERNAKULAM,M07066,Piravom,Piravom
ERNAKULAM,M07067,Kothattukulam,Piravom
IDUKKI,G06001,Adimali,Devikulam
IDUKKI,G06002,Konnathady,Idukki
IDUKKI,G06003,Baisonvalley,Devikulam
IDUKKI,G06004,Vellathooval,Devikulam
IDUKKI,G06005,Pallivasal,Devikulam
IDUKKI,G06006,Marayoor,Devikulam
IDUKKI,G06007,Munnar,Devikulam
IDUKKI,G06008,Kanthalloor,Devikulam
IDUKKI,G06009,Vattavada,Devikulam
IDUKKI,G06010,Santhanpara,Udumbanchola
IDUKKI,G06011,Chinnakanal,Devikulam
IDUKKI,G06012,Mankulam,Devikulam
IDUKKI,G06013,Devikulam,Devikulam
IDUKKI,G06014,Edamalakudy,Devikulam
IDUKKI,G06015,Pampadumpara,Udumbanchola
IDUKKI,G06016,Senapathy,Udumbanchola
IDUKKI,G06017,Karunapuram,Udumbanchola
IDUKKI,G06018,Rajakkad,Udumbanchola
IDUKKI,G06019,Nedumkandom,Udumbanchola
IDUKKI,G06020,Udumbanchola,Udumbanchola
IDUKKI,G06021,Rajakumary,Udumbanchola
IDUKKI,G06022,Vannappuram,Thodupuzha
IDUKKI,G06023,Udumbannoor,Thodupuzha
IDUKKI,G06024,Kodikulam,Thodupuzha
IDUKKI,G06025,Alakode,Thodupuzha
IDUKKI,G06026,Velliyamattom,Thodupuzha
IDUKKI,G06027,Karimannoor,Thodupuzha
IDUKKI,G06028,Kudayathoor,Idukki
IDUKKI,G06029,Idukki-Kanjikuzhy,Idukki
IDUKKI,G06030,Vathikudy,Idukki
IDUKKI,G06031,Arakulam,Idukki
IDUKKI,G06032,Kamakshy,Idukki
IDUKKI,G06033,Vazhathope,Idukki
IDUKKI,G06034,Mariyapuram,Idukki
IDUKKI,G06036,Upputhara,Peereumed
IDUKKI,G06037,Vandanmedu,Udumbanchola
IDUKKI,G06038,Kanchiyar,Idukki
IDUKKI,G06039,Erattayar,Udumbanchola
IDUKKI,G06040,Ayyappancoil,Peereumed
IDUKKI,G06041,Chakkupallam,Peereumed
IDUKKI,G06042,Kumaramangalam,Thodupuzha
IDUKKI,G06043,Muttom,Thodupuzha
IDUKKI,G06044,Edavetty,Thodupuzha
IDUKKI,G06045,Karimkunnam,Thodupuzha
IDUKKI,G06046,Manakkad,Thodupuzha
IDUKKI,G06047,Purapuzha,Thodupuzha
IDUKKI,G06048,Peruvanthanam,Peereumed
IDUKKI,G06049,Kumily,Peereumed
IDUKKI,G06050,Kokkayar,Peereumed
IDUKKI,G06051,Peermade,Peereumed
IDUKKI,G06052,Elappara,Peereumed
IDUKKI,G06053,Vandiperiyar,Peereumed
IDUKKI,M06020,Thodupuzha,Thodupuzha
IDUKKI,M06065,Kattappana,Idukki
KANNUR,G13001,Cheruthazham,Kalliassery
KANNUR,G13002,Madayi,Kalliassery
KANNUR,G13003,Ezhome,Kalliassery
KANNUR,G13004,Cherukunnu,Kalliassery
KANNUR,G13005,Mattool,Kalliassery
KANNUR,G13006,Kannapuram,Kalliassery
KANNUR,G13007,Kalliassery,Kalliassery
KANNUR,G13008,Narath,Azheekode
KANNUR,G13009,Cherupuzha,Payyanur
KANNUR,G13010,Peringome Vayakkara,Payyanur
KANNUR,G13011,Eramam- Kuttoor,Payyanur
KANNUR,G13012,Kankole- Alapadamba,Payyanur
KANNUR,G13013,Karivellur- Peralam,Payyanur
KANNUR,G13014,Kunhimangalam,Kalliassery
KANNUR,G13015,Ramanthali,Payyanur
KANNUR,G13016,Udayagiri,Irikkur
KANNUR,G13017,Alakode,Irikkur
KANNUR,G13018,Naduvil,Irikkur
KANNUR,G13019,Chapparapadavu,Taliparamba
KANNUR,G13020,Chengalayi,Irikkur
KANNUR,G13021,Kurumathoor,Taliparamba
KANNUR,G13022,Pariyaram,Taliparamba
KANNUR,G13023,Pattuvam,Kalliassery
KANNUR,G13024,Kadannappalli- Panappuzha,Kalliassery
KANNUR,G13025,Irikkur,Irikkur
KANNUR,G13026,Eruvessy,Irikkur
KANNUR,G13027,Malappattam,Taliparamba
KANNUR,G13028,Payyavoor,Irikkur
KANNUR,G13029,Mayyil,Taliparamba
KANNUR,G13031,Padiyoor Kalliad,Mattannur
KANNUR,G13032,Ulikkal,Irikkur
KANNUR,G13033,Kuttiattoor,Taliparamba
KANNUR,G13034,Chirakkal,Azheekode
KANNUR,G13037,Valapattanam,Azheekode
KANNUR,G13038,Azheekode,Azheekode
KANNUR,G13039,Pappinissery,Azheekode
KANNUR,G13040,Kolachery,Taliparamba
KANNUR,G13041,Munderi,Kannur
KANNUR,G13045,Chembilode,Dharmadam
KANNUR,G13046,Kadambur,Dharmadam
KANNUR,G13047,Peralassery,Dharmadam
KANNUR,G13048,Muzhappilangad,Dharmadam
KANNUR,G13049,Vengad,Dharmadam
KANNUR,G13050,Dharmadam,Dharmadam
KANNUR,G13051,Eranholi,Thalassery
KANNUR,G13052,Pinarayi,Dharmadam
KANNUR,G13053,New Mahe,Thalassery
KANNUR,G13054,Ancharakandy,Dharmadam
KANNUR,G13055,Thripangottoor,Koothuparamba
KANNUR,G13056,Chittariparamba,Mattannur
KANNUR,G13057,Pattiam,Koothuparamba
KANNUR,G13058,Kunnothuparamba,Koothuparamba
KANNUR,G13059,Mangattidam,Mattannur
KANNUR,G13060,Kottayam,Koothuparamba
KANNUR,G13061,chockli,Thalassery
KANNUR,G13065,Panniyannur,Thalassery
KANNUR,G13066,Mokeri,Koothuparamba
KANNUR,G13067,Kadirur,Thalassery
KANNUR,G13068,Aralam,Peravoor
KANNUR,G13069,Ayyankunnu,Peravoor
KANNUR,G13070,Keezhallur,Mattannur
KANNUR,G13071,Thillankeri,Mattannur
KANNUR,G13072,Koodali,Mattannur
KANNUR,G13073,Payam,Peravoor
KANNUR,G13075,Kanichar,Peravoor
KANNUR,G13076,Kelakam,Peravoor
KANNUR,G13077,Kottiyoor,Peravoor
KANNUR,G13078,Muzhakkunnu,Peravoor
KANNUR,G13079,Kolayad,Mattannur
KANNUR,G13080,Malur,Mattannur
KANNUR,G13081,Peravoor,Peravoor
KANNUR,M13053,Taliparamba,Taliparamba
KANNUR,M13054,Koothuparamba,Koothuparamba
KANNUR,M13055,Thalassery,Thalassery
KANNUR,M13056,Payyannur,Payyanur
KANNUR,M13083,Iritty,Peravoor
KANNUR,M13084,Panoor,Koothuparamba
KANNUR,M13085,Sreekandapuram,Irikkur
KANNUR,M13086,Anthoor,Taliparamba
KASARGOD,G14001,Kumbadaje,Kasargode
KASARGOD,G14002,Bellur,Kasargode
KASARGOD,G14003,Karadka,Kasargode
KASARGOD,G14004,Muliyar,Udma
KASARGOD,G14005,Delampady,Udma
KASARGOD,G14006,Bedadka,Udma
KASARGOD,G14007,Kuttikkol,Udma
KASARGOD,G14008,Manjeshwar,Manjeshwar
KASARGOD,G14009,Vorkady,Manjeshwar
KASARGOD,G14010,Meenja,Manjeshwar
KASARGOD,G14011,Mangalpady,Manjeshwar
KASARGOD,G14012,Paivalike,Manjeshwar
KASARGOD,G14013,Puthige,Manjeshwar
KASARGOD,G14014,Enmakaje,Manjeshwar
KASARGOD,G14015,Kumbla,Manjeshwar
KASARGOD,G14016,Badiadka,Kasargode
KASARGOD,G14017,Mogralputhur,Kasargode
KASARGOD,G14018,Madhur,Kasargode
KASARGOD,G14019,Chemnad,Udma
KASARGOD,G14020,Chengala,Kasargode
KASARGOD,G14021,Udma,Udma
KASARGOD,G14022,Pallikkara,Udma
KASARGOD,G14023,Ajanur,Kanhangad
KASARGOD,G14024,Pullur-Periya,Udma
KASARGOD,G14025,Madikai,Kanhangad
KASARGOD,G14026,Kodom -Belur,Kanhangad
KASARGOD,G14027,Kallar,Kanhangad
KASARGOD,G14028,Panathady,Kanhangad
KASARGOD,G14029,Balal,Kanhangad
KASARGOD,G14030,Kinanoor - Karindalam,Kanhangad
KASARGOD,G14031,West Eleri,Trikaripur
KASARGOD,G14032,East Eleri,Trikaripur
KASARGOD,G14033,Kayyur -  Cheemeni,Trikaripur
KASARGOD,G14034,Cheruvathur,Trikaripur
KASARGOD,G14035,Valiyaparamba,Trikaripur
KASARGOD,G14036,Padne,Trikaripur
KASARGOD,G14037,Pilicode,Trikaripur
KASARGOD,G14038,Trikaripur,Trikaripur
KASARGOD,M14058,Kanhangad,Kanhangad
KASARGOD,M14059,Kasaragod,Kasargode
KASARGOD,M14060,Nileshwar,Trikaripur
KOLLAM,G02001,Oachira,Karunagappally
KOLLAM,G02002,Kulasekharapuram,Karunagappally
KOLLAM,G02003,Thazhava,Karunagappally
KOLLAM,G02004,Clappana,Karunagappally
KOLLAM,G02005,Alappad,Karunagappally
KOLLAM,G02006,Thodiyoor,Karunagappally
KOLLAM,G02007,Sasthamcotta,Kunnathur
KOLLAM,G02008,West Kallada,Kunnathur
KOLLAM,G02009,Sooranad South,Kunnathur
KOLLAM,G02010,Poruvazhi,Kunnathur
KOLLAM,G02011,Kunnathur,Kunnathur
KOLLAM,G02012,Sooranad North,Kunnathur
KOLLAM,G02013,Mynagappally,Kunnathur
KOLLAM,G02014,Ummannoor,Kottarakkara
KOLLAM,G02015,Vettikavala,Pathanapuram
KOLLAM,G02016,Melila,Pathanapuram
KOLLAM,G02017,Mylom,Kottarakkara
KOLLAM,G02018,Kulakkada,Kottarakkara
KOLLAM,G02019,Pavithreswaram,Kunnathur
KOLLAM,G02020,Vilakkudy,Pathanapuram
KOLLAM,G02021,Thalavoor,Pathanapuram
KOLLAM,G02022,Piravanthur,Pathanapuram
KOLLAM,G02023,Pattazhi Vadakkekara,Pathanapuram
KOLLAM,G02024,Pattazhi,Pathanapuram
KOLLAM,G02025,Pathanapuram,Pathanapuram
KOLLAM,G02026,Kulathupuzha,Punalur
KOLLAM,G02027,Yeroor,Punalur
KOLLAM,G02028,Alayaman,Chadayamangalam
KOLLAM,G02029,Anchal,Punalur
KOLLAM,G02030,Edamulakkal,Punalur
KOLLAM,G02031,Karavaloor,Punalur
KOLLAM,G02032,Thenmala,Punalur
KOLLAM,G02033,Aryankavu,Punalur
KOLLAM,G02034,Veliyam,Kottarakkara
KOLLAM,G02035,Pooyappally,Chathannur
KOLLAM,G02036,Kareepra,Kottarakkara
KOLLAM,G02037,Ezhukone,Kottarakkara
KOLLAM,G02038,Neduvathur,Kottarakkara
KOLLAM,G02041,Thrikkaruva,Kollam
KOLLAM,G02042,Panayam,Kollam
KOLLAM,G02043,Perinad,Kundara
KOLLAM,G02044,Kundara,Kundara
KOLLAM,G02045,Perayam,Kundara
KOLLAM,G02046,East Kallada,Kunnathur
KOLLAM,G02047,Mandrothuruthu,Kunnathur
KOLLAM,G02048,Thekkumbhagam,Chavara
KOLLAM,G02049,Chavara,Chavara
KOLLAM,G02050,Thevalakkara,Chavara
KOLLAM,G02051,Panmana,Chavara
KOLLAM,G02052,Neendakara,Chavara
KOLLAM,G02053,Mayyanad,Eravipuram
KOLLAM,G02054,Elampalloor,Kundara
KOLLAM,G02055,Thrikkovilvattom,Kundara
KOLLAM,G02056,Kottamkara,Kundara
KOLLAM,G02057,Nedumpana,Kundara
KOLLAM,G02058,Chithara,Chadayamangalam
KOLLAM,G02059,Kadakkal,Chadayamangalam
KOLLAM,G02060,Chadayamangalam,Chadayamangalam
KOLLAM,G02061,Ittiva,Chadayamangalam
KOLLAM,G02062,Velinalloor,Chadayamangalam
KOLLAM,G02063,Elamadu,Chadayamangalam
KOLLAM,G02064,Nilamel,Chadayamangalam
KOLLAM,G02065,Kummil,Chadayamangalam
KOLLAM,G02066,Poothakkulam,Chathannur
KOLLAM,G02067,Kalluvathukkal,Chathannur
KOLLAM,G02068,Chathannur,Chathannur
KOLLAM,G02069,Adichanalloor,Chathannur
KOLLAM,G02070,Chirakkara,Chathannur
KOLLAM,M02005,Paravoor,Chathannur
KOLLAM,M02006,Punalur,Punalur
KOLLAM,M02007,Karunagappally,Karunagappally
KOLLAM,M02087,Kottarakkara,Kottarakkara
KOTTAYAM,G05001,Thalayazham,Vaikom
KOTTAYAM,G05002,Chempu,Vaikom
KOTTAYAM,G05003,Maravanthuruthu,Vaikom
KOTTAYAM,G05004,T V Puram,Vaikom
KOTTAYAM,G05005,Vechoor,Vaikom
KOTTAYAM,G05006,Udayanapuram,Vaikom
KOTTAYAM,G05007,Kaduthuruthy,Kaduthuruthy
KOTTAYAM,G05008,Kallara,Vaikom
KOTTAYAM,G05009,Mulakkulam,Kaduthuruthy
KOTTAYAM,G05010,Njeezhoor,Kaduthuruthy
KOTTAYAM,G05011,Thalayolaparambu,Vaikom
KOTTAYAM,G05012,Velloor,Vaikom
KOTTAYAM,G05013,Neendoor,Ettumanoor
KOTTAYAM,G05014,Kumarakom,Ettumanoor
KOTTAYAM,G05015,Thiruvarppu,Ettumanoor
KOTTAYAM,G05016,Arpookkara,Ettumanoor
KOTTAYAM,G05017,Athirampuzha,Ettumanoor
KOTTAYAM,G05019,Aymanam,Ettumanoor
KOTTAYAM,G05020,Kadaplamattom,Kaduthuruthy
KOTTAYAM,G05021,Marangattupally,Kaduthuruthy
KOTTAYAM,G05022,Kanakkary,Kaduthuruthy
KOTTAYAM,G05023,Veliyannoor,Kaduthuruthy
KOTTAYAM,G05024,Kuravilangadu,Kaduthuruthy
KOTTAYAM,G05025,Uzhavoor,Kaduthuruthy
KOTTAYAM,G05026,Ramapuram,Pala
KOTTAYAM,G05027,Manjoor,Kaduthuruthy
KOTTAYAM,G05028,Bharananganam,Pala
KOTTAYAM,G05029,Karoor,Pala
KOTTAYAM,G05030,Kozhuvanal,Pala
KOTTAYAM,G05031,Kadanadu,Pala
KOTTAYAM,G05032,Meenachil,Pala
KOTTAYAM,G05033,Mutholy,Pala
KOTTAYAM,G05034,Melukavu,Pala
KOTTAYAM,G05035,Moonnilavu,Pala
KOTTAYAM,G05036,Poonjar,Poonjar
KOTTAYAM,G05037,Poonjar Thekkekkara,Poonjar
KOTTAYAM,G05039,Teekoy,Poonjar
KOTTAYAM,G05040,Thalanadu,Pala
KOTTAYAM,G05041,Thalappalam,Pala
KOTTAYAM,G05042,Thidanadu,Poonjar
KOTTAYAM,G05043,Akalakkunnam,Puthuppally
KOTTAYAM,G05044,Elikkulam,Pala
KOTTAYAM,G05045,Kooroppada,Puthuppally
KOTTAYAM,G05046,Pampady,Puthuppally
KOTTAYAM,G05047,Pallickathodu,Kanjirappally
KOTTAYAM,G05048,Manarcadu,Puthuppally
KOTTAYAM,G05049,Kidangoor,Kaduthuruthy
KOTTAYAM,G05050,Meenadom,Puthuppally
KOTTAYAM,G05051,Madappally,Changanassery
KOTTAYAM,G05052,Paippadu,Changanassery
KOTTAYAM,G05053,Thrikkodithanam,Changanassery
KOTTAYAM,G05054,Vakathanam,Puthuppally
KOTTAYAM,G05055,Vazhappally,Changanassery
KOTTAYAM,G05056,Chirakkadavu,Kanjirappally
KOTTAYAM,G05057,Kangazha,Kanjirappally
KOTTAYAM,G05058,Nedumkunnam,Kanjirappally
KOTTAYAM,G05059,Vellavoor,Kanjirappally
KOTTAYAM,G05060,Vazhoor,Kanjirappally
KOTTAYAM,G05061,Karukachal,Kanjirappally
KOTTAYAM,G05062,Manimala,Kanjirappally
KOTTAYAM,G05063,Erumely,Poonjar
KOTTAYAM,G05064,Kanjirappally,Kanjirappally
KOTTAYAM,G05065,Koottickal,Poonjar
KOTTAYAM,G05066,Mundakayam,Poonjar
KOTTAYAM,G05067,Koruthode,Poonjar
KOTTAYAM,G05068,Parathodu,Poonjar
KOTTAYAM,G05069,Kurichy,Changanassery
KOTTAYAM,G05070,Panachikadu,Kottayam
KOTTAYAM,G05071,Puthuppally,Puthuppally
KOTTAYAM,G05072,Vijayapuram,Kottayam
KOTTAYAM,G05073,Ayarkunnam,Puthuppally
KOTTAYAM,M05016,Changanassery,Changanassery
KOTTAYAM,M05017,Kottayam,Kottayam
KOTTAYAM,M05018,Vaikom,Vaikom
KOTTAYAM,M05019,Palai,Pala
KOTTAYAM,M05063,Ettumanoor,Ettumanoor
KOTTAYAM,M05064,Erattupetta,Poonjar
KOZHIKODE,G11001,Azhiyur,Vadakara
KOZHIKODE,G11002,Chorode,Vadakara
KOZHIKODE,G11003,Eramala,Vadakara
KOZHIKODE,G11004,Onchiyam,Vadakara
KOZHIKODE,G11005,Chekkiad,Nadapuram
KOZHIKODE,G11006,Purameri,Kuttiadi
KOZHIKODE,G11007,Thuneri,Nadapuram
KOZHIKODE,G11008,Valayam,Nadapuram
KOZHIKODE,G11009,Vanimel,Nadapuram
KOZHIKODE,G11010,Edacheri,Nadapuram
KOZHIKODE,G11011,Nadapuram,Nadapuram
KOZHIKODE,G11012,Kunnummal,Kuttiadi
KOZHIKODE,G11013,Velom,Kuttiadi
KOZHIKODE,G11014,Kayakkodi,Nadapuram
KOZHIKODE,G11015,Kavilumpara,Nadapuram
KOZHIKODE,G11016,Kuttiady,Kuttiadi
KOZHIKODE,G11017,Maruthonkara,Nadapuram
KOZHIKODE,G11018,Naripatta,Nadapuram
KOZHIKODE,G11019,Ayancheri,Kuttiadi
KOZHIKODE,G11020,Villiappally,Kuttiadi
KOZHIKODE,G11021,Maniyur,Kuttiadi
KOZHIKODE,G11022,Thiruvallur,Kuttiadi
KOZHIKODE,G11023,Thurayur,Perambra
KOZHIKODE,G11024,Keezhariyur,Perambra
KOZHIKODE,G11025,Thikkodi,Quilandy
KOZHIKODE,G11027,Meppayur,Perambra
KOZHIKODE,G11028,Cheruvannur,Perambra
KOZHIKODE,G11029,Nochad,Perambra
KOZHIKODE,G11030,Changaroth,Perambra
KOZHIKODE,G11031,Kayanna,Balusseri
KOZHIKODE,G11032,Koothali,Perambra
KOZHIKODE,G11033,Perambra,Perambra
KOZHIKODE,G11034,Chakkittappara,Perambra
KOZHIKODE,G11035,Balussery,Balusseri
KOZHIKODE,G11036,Naduvannur,Balusseri
KOZHIKODE,G11037,Kottur,Balusseri
KOZHIKODE,G11038,Ulliyeri,Balusseri
KOZHIKODE,G11039,Unnikulam,Balusseri
KOZHIKODE,G11040,Panangad,Balusseri
KOZHIKODE,G11041,Koorachundu,Balusseri
KOZHIKODE,G11042,Chemanchery,Quilandy
KOZHIKODE,G11043,Arikkulam,Perambra
KOZHIKODE,G11044,Moodadi,Quilandy
KOZHIKODE,G11045,Chengottukave,Quilandy
KOZHIKODE,G11046,Atholi,Balusseri
KOZHIKODE,G11047,Kakkodi,Elathur
KOZHIKODE,G11048,Chelannur,Elathur
KOZHIKODE,G11049,Kakkur,Elathur
KOZHIKODE,G11050,Nanmanda,Elathur
KOZHIKODE,G11051,Narikkuni,Koduvally
KOZHIKODE,G11052,Thalakkulathur,Elathur
KOZHIKODE,G11053,Thiruvambady,Thiruvambady
KOZHIKODE,G11054,Koodaranhi,Thiruvambady
KOZHIKODE,G11055,Kizhakkoth,Koduvally
KOZHIKODE,G11056,Madavoor,Koduvally
KOZHIKODE,G11058,Puthuppadi,Thiruvambady
KOZHIKODE,G11059,Thamarassery,Koduvally
KOZHIKODE,G11060,Omasery,Koduvally
KOZHIKODE,G11061,Kattippara,Thiruvambady
KOZHIKODE,G11062,Kodenchery,Thiruvambady
KOZHIKODE,G11063,Kodiyathur,Thiruvambady
KOZHIKODE,G11064,Kuruvattur,Elathur
KOZHIKODE,G11065,Mavoor,Kunnamangalam
KOZHIKODE,G11066,Karasseri,Thiruvambady
KOZHIKODE,G11067,Kunnamangalam,Kunnamangalam
KOZHIKODE,G11068,Chathamangalam,Kunnamangalam
KOZHIKODE,G11070,Peruvayal,Kunnamangalam
KOZHIKODE,G11071,Perumanna,Kunnamangalam
KOZHIKODE,G11072,KADALUNDI,Beypore
KOZHIKODE,G11075,Olavanna,Kunnamangalam
KOZHIKODE,M11049,Koilandy,Quilandy
KOZHIKODE,M11050,Vadakara,Vadakara
KOZHIKODE,M11076,Payyoli,Quilandy
KOZHIKODE,M11077,Ramanattukara,Beypore
KOZHIKODE,M11078,Koduvally,Koduvally
KOZHIKODE,M11079,Mukkam,Thiruvambady
KOZHIKODE,M11080,Faroke,Beypore
MALAPPURAM,G10001,Vazhikkadavu,Nilambur
MALAPPURAM,G10002,Pothukal,Nilambur
MALAPPURAM,G10003,Edakkara,Nilambur
MALAPPURAM,G10004,Moothedam,Nilambur
MALAPPURAM,G10005,Chungathara,Nilambur
MALAPPURAM,G10006,Chaliyar,Eranad
MALAPPURAM,G10008,Cherukavu,Kondotty
MALAPPURAM,G10009,Pallikkal,Vallikkunnu
MALAPPURAM,G10010,Vazhayur,Kondotty
MALAPPURAM,G10011,Vazhakkad,Kondotty
MALAPPURAM,G10012,Pulikkal,Kondotty
MALAPPURAM,G10014,Muthuvallur,Kondotty
MALAPPURAM,G10015,Chelembra,Vallikkunnu
MALAPPURAM,G10016,Wandoor,Wandoor
MALAPPURAM,G10017,Thiruvali,Wandoor
MALAPPURAM,G10018,Mampad,Wandoor
MALAPPURAM,G10019,Porur,Wandoor
MALAPPURAM,G10020,Pandikkad,Manjeri
MALAPPURAM,G10021,Thrikkalangode,Manjeri
MALAPPURAM,G10022,Kalikavu,Wandoor
MALAPPURAM,G10023,Chokkad,Wandoor
MALAPPURAM,G10024,Karuvarakundu,Wandoor
MALAPPURAM,G10025,Thuvvur,Wandoor
MALAPPURAM,G10026,Amarambalam,Nilambur
MALAPPURAM,G10027,Karulai,Nilambur
MALAPPURAM,G10028,Edapatta,Manjeri
MALAPPURAM,G10029,Areacode,Eranad
MALAPPURAM,G10030,Urangattiri,Eranad
MALAPPURAM,G10031,Kavannur,Eranad
MALAPPURAM,G10032,Keezhuparamba,Eranad
MALAPPURAM,G10033,Kuzhimanna,Eranad
MALAPPURAM,G10034,Cheacode,Kondotty
MALAPPURAM,G10035,Pulpetta,Malappuram
MALAPPURAM,G10036,Edavanna,Eranad
MALAPPURAM,G10037,Anakayam,Malappuram
MALAPPURAM,G10038,Morayur,Malappuram
MALAPPURAM,G10039,Ponmala,Kottakkal
MALAPPURAM,G10040,Pookkottur,Malappuram
MALAPPURAM,G10041,Othukkungal,Vengara
MALAPPURAM,G10042,Kodur,Malappuram
MALAPPURAM,G10043,Aliparamba,Perinthalmanna
MALAPPURAM,G10044,Elamkulam,Perinthalmanna
MALAPPURAM,G10045,Melattur,Perinthalmanna
MALAPPURAM,G10046,Keezhattur,Manjeri
MALAPPURAM,G10047,Thazhekkode,Perinthalmanna
MALAPPURAM,G10048,Vettathur,Perinthalmanna
MALAPPURAM,G10049,Pulamanthole,Perinthalmanna
MALAPPURAM,G10050,Angadippuram,Mankada
MALAPPURAM,G10051,Kuruva,Mankada
MALAPPURAM,G10052,Koottilangadi,Mankada
MALAPPURAM,G10053,Puzhakkatiri,Mankada
MALAPPURAM,G10054,Moorkanad,Mankada
MALAPPURAM,G10055,Makkaraparamba,Mankada
MALAPPURAM,G10056,Mankada,Mankada
MALAPPURAM,G10057,Athavanad,Tirur
MALAPPURAM,G10058,Edayur,Kottakkal
MALAPPURAM,G10059,Irumbiliyum,Kottakkal
MALAPPURAM,G10060,Marakkara,Kottakkal
MALAPPURAM,G10061,Kuttippuram,Kottakkal
MALAPPURAM,G10063,Kalpakancheri,Tirur
MALAPPURAM,G10065,Ponmundam,Tanur
MALAPPURAM,G10066,Cheriyamundam,Tanur
MALAPPURAM,G10067,Ozhoor,Tanur
MALAPPURAM,G10068,Niramaruthoor,Tanur
MALAPPURAM,G10069,Thanalur,Tanur
MALAPPURAM,G10070,Valavannur,Tirur
MALAPPURAM,G10071,Perumanna Clari,Tirurangadi
MALAPPURAM,G10072,Abdurehman Nagar,Vengara
MALAPPURAM,G10073,Parappur,Vengara
MALAPPURAM,G10074,Thennela,Tirurangadi
MALAPPURAM,G10075,Vengara,Vengara
MALAPPURAM,G10076,Kannamangalam,Vengara
MALAPPURAM,G10077,Oorakam,Vengara
MALAPPURAM,G10078,Edarikkode,Tirurangadi
MALAPPURAM,G10080,Nannambra,Tirurangadi
MALAPPURAM,G10081,Moonniyur,Vallikkunnu
MALAPPURAM,G10082,Thenhippalam,Vallikkunnu
MALAPPURAM,G10084,Vallikkunnu,Vallikkunnu
MALAPPURAM,G10085,Peruvallur,Vallikkunnu
MALAPPURAM,G10086,Purathur,Thavanur
MALAPPURAM,G10087,Mangalam,Thavanur
MALAPPURAM,G10088,Thriprangode,Thavanur
MALAPPURAM,G10089,Vettom,Tirur
MALAPPURAM,G10090,Thalakkad,Tirur
MALAPPURAM,G10091,Thirunavaya,Tirur
MALAPPURAM,G10092,Thavanur,Thavanur
MALAPPURAM,G10093,Vattamkulam,Thavanur
MALAPPURAM,G10094,Edappal,Thavanur
MALAPPURAM,G10095,Kalady,Thavanur
MALAPPURAM,G10096,Alamkode,Ponnani
MALAPPURAM,G10097,Maranchery,Ponnani
MALAPPURAM,G10098,Nannamukku,Ponnani
MALAPPURAM,G10099,Perumbadappu,Ponnani
MALAPPURAM,G10100,Veliyancode,Ponnani
MALAPPURAM,M10042,Ponnani,Ponnani
MALAPPURAM,M10043,Tirur,Tirur
MALAPPURAM,M10044,Perinthalmanna,Perinthalmanna
MALAPPURAM,M10045,Malappuram,Malappuram
MALAPPURAM,M10046,Manjeri,Manjeri
MALAPPURAM,M10047,Kottakkal,Kottakkal
MALAPPURAM,M10048,Nilambur,Nilambur
MALAPPURAM,M10072,Thanoor,Tanur
MALAPPURAM,M10073,Parappanangadi,Tirurangadi
MALAPPURAM,M10074,Valanchery,Kottakkal
MALAPPURAM,M10075,Tirurangadi,Tirurangadi
MALAPPURAM,M10088,Kondotty,Kondotty
PALAKKAD,G09001,Anakkara,Thrithala
PALAKKAD,G09002,Chalissery,Thrithala
PALAKKAD,G09003,Kappoor,Thrithala
PALAKKAD,G09004,Nagalassery,Thrithala
PALAKKAD,G09005,Pattithara,Thrithala
PALAKKAD,G09006,Thirumittakode,Thrithala
PALAKKAD,G09007,Thrithala,Thrithala
PALAKKAD,G09008,Koppam,Pattambi
PALAKKAD,G09009,Kulukkallur,Pattambi
PALAKKAD,G09010,Muthuthala,Pattambi
PALAKKAD,G09011,Ongallur,Pattambi
PALAKKAD,G09013,Thiruvegappura,Pattambi
PALAKKAD,G09014,Vilayur,Pattambi
PALAKKAD,G09015,Paruthur,Thrithala
PALAKKAD,G09016,Ambalapara,Ottappalam
PALAKKAD,G09017,Ananganadi,Shornur
PALAKKAD,G09018,Chalavara,Shornur
PALAKKAD,G09019,Lekkidi-Perur,Ottappalam
PALAKKAD,G09020,Vaniyamkulam,Shornur
PALAKKAD,G09021,Thrikkadeiri,Shornur
PALAKKAD,G09022,Vallapuzha,Pattambi
PALAKKAD,G09023,Nellaya,Shornur
PALAKKAD,G09025,Kadampazhipuram,Ottappalam
PALAKKAD,G09026,Karimpuzha,Ottappalam
PALAKKAD,G09027,Sreekrishnapuram,Ottappalam
PALAKKAD,G09028,Vellinezhi,Shornur
PALAKKAD,G09029,Karakurissi,Kongad
PALAKKAD,G09030,Thachanattukara,Ottappalam
PALAKKAD,G09031,Pookkottukavu,Ottappalam
PALAKKAD,G09032,Alanallur,Mannarkkad
PALAKKAD,G09033,Karimba,Kongad
PALAKKAD,G09034,Kottoppadam,Mannarkkad
PALAKKAD,G09035,Kumaramputhur,Mannarkkad
PALAKKAD,G09036,Kanjirapuzha,Kongad
PALAKKAD,G09038,Thachampara,Kongad
PALAKKAD,G09039,Thenkara,Mannarkkad
PALAKKAD,G09040,Agali,Mannarkkad
PALAKKAD,G09041,Pudur,Mannarkkad
PALAKKAD,G09042,Sholayur,Mannarkkad
PALAKKAD,G09043,Pirayiri,Palakkad
PALAKKAD,G09044,Mundur,Malampuzha
PALAKKAD,G09045,Kongad,Kongad
PALAKKAD,G09046,Keralasseri,Kongad
PALAKKAD,G09047,Mannur,Kongad
PALAKKAD,G09048,Mankara,Kongad
PALAKKAD,G09049,Parli,Kongad
PALAKKAD,G09050,Kottayi,Tarur
PALAKKAD,G09051,Kuthanur,Tarur
PALAKKAD,G09052,Kuzhalmannam,Alathur
PALAKKAD,G09053,Mathur,Palakkad
PALAKKAD,G09054,Peringottukurissi,Tarur
PALAKKAD,G09055,Thenkurissi,Alathur
PALAKKAD,G09056,Kannadi,Palakkad
PALAKKAD,G09057,Eruthempathy,Chittur
PALAKKAD,G09058,Kozhinjampara,Chittur
PALAKKAD,G09059,Nalleppilly,Chittur
PALAKKAD,G09060,Perumatty,Chittur
PALAKKAD,G09061,Vadakarapathy,Chittur
PALAKKAD,G09062,Elappully,Malampuzha
PALAKKAD,G09063,Polpully,Chittur
PALAKKAD,G09064,Kollengode,Nenmara
PALAKKAD,G09065,Koduvayur,Nenmara
PALAKKAD,G09066,Muthalamada,Nenmara
PALAKKAD,G09067,Pudunagaram,Nenmara
PALAKKAD,G09068,Vadavannur,Nenmara
PALAKKAD,G09069,Peruvemba,Chittur
PALAKKAD,G09070,Pattanchery,Chittur
PALAKKAD,G09071,Ayiloor,Nenmara
PALAKKAD,G09072,Nelliyampathy,Nenmara
PALAKKAD,G09073,Elavanchery,Nenmara
PALAKKAD,G09074,Pallassana,Nenmara
PALAKKAD,G09075,Melarcode,Alathur
PALAKKAD,G09076,Nemmara,Nenmara
PALAKKAD,G09077,Vandazhi,Alathur
PALAKKAD,G09078,Akathethara,Malampuzha
PALAKKAD,G09079,Malampuzha,Malampuzha
PALAKKAD,G09080,Marutha Road,Malampuzha
PALAKKAD,G09081,Puduppariyaram,Malampuzha
PALAKKAD,G09082,Pudusserri,Malampuzha
PALAKKAD,G09083,Kodumba,Malampuzha
PALAKKAD,G09084,Alathur,Alathur
PALAKKAD,G09085,Erimayoor,Alathur
PALAKKAD,G09086,Kavassery,Tarur
PALAKKAD,G09087,Kizhakkanchery,Alathur
PALAKKAD,G09088,Puthukode,Tarur
PALAKKAD,G09089,Tarur,Tarur
PALAKKAD,G09090,Vadakkenchery,Tarur
PALAKKAD,G09091,Kannambra,Tarur
PALAKKAD,M09038,Shornur,Shornur
PALAKKAD,M09039,Ottappalam,Ottappalam
PALAKKAD,M09040,Palakkad,Palakkad
PALAKKAD,M09041,Chittur- Thathamangalam,Chittur
PALAKKAD,M09069,Pattambi,Pattambi
PALAKKAD,M09070,Cherupulassery,Shornur
PALAKKAD,M09071,Mannarkkad,Mannarkkad
PATHANAMTHITTA,G03001,Anikkadu,Thiruvalla
PATHANAMTHITTA,G03002,Kaviyoor,Thiruvalla
PATHANAMTHITTA,G03003,Kottanad,Ranni
PATHANAMTHITTA,G03004,Kallooppara,Thiruvalla
PATHANAMTHITTA,G03005,Kottangal,Ranni
PATHANAMTHITTA,G03006,Kunnanthanam,Thiruvalla
PATHANAMTHITTA,G03007,Mallappally,Thiruvalla
PATHANAMTHITTA,G03008,Kadapra,Thiruvalla
PATHANAMTHITTA,G03009,Kuttoor,Thiruvalla
PATHANAMTHITTA,G03010,Niranam,Thiruvalla
PATHANAMTHITTA,G03011,Nedumpram,Thiruvalla
PATHANAMTHITTA,G03012,Peringara,Thiruvalla
PATHANAMTHITTA,G03013,Ayiroor,Ranni
PATHANAMTHITTA,G03014,Eraviperoor,Aranmula
PATHANAMTHITTA,G03015,Koipram,Aranmula
PATHANAMTHITTA,G03016,Thottappuzhassery,Aranmula
PATHANAMTHITTA,G03017,Ezhumattoor,Ranni
PATHANAMTHITTA,G03018,Puramattam,Thiruvalla
PATHANAMTHITTA,G03019,Omalloor,Aranmula
PATHANAMTHITTA,G03020,Chenneerkara,Aranmula
PATHANAMTHITTA,G03021,Elanthoor,Aranmula
PATHANAMTHITTA,G03022,Cherukol,Ranni
PATHANAMTHITTA,G03023,Kozhanchery,Aranmula
PATHANAMTHITTA,G03024,Mallappuzhassery,Aranmula
PATHANAMTHITTA,G03025,Naranganam,Aranmula
PATHANAMTHITTA,G03026,Ranni Pazhavangady,Ranni
PATHANAMTHITTA,G03027,Ranni,Ranni
PATHANAMTHITTA,G03028,Ranny Angady,Ranni
PATHANAMTHITTA,G03029,Ranny Perunadu,Ranni
PATHANAMTHITTA,G03030,Vadasserikkara,Ranni
PATHANAMTHITTA,G03031,Chittar,Konni
PATHANAMTHITTA,G03032,Seethathodu,Konni
PATHANAMTHITTA,G03033,Naranammoozhy,Ranni
PATHANAMTHITTA,G03034,Vechoochira,Ranni
PATHANAMTHITTA,G03035,Konni,Konni
PATHANAMTHITTA,G03036,Aruvappulam,Konni
PATHANAMTHITTA,G03037,Pramadam,Konni
PATHANAMTHITTA,G03038,Mylapra,Konni
PATHANAMTHITTA,G03039,Vallikkodu,Konni
PATHANAMTHITTA,G03040,Thannithodu,Konni
PATHANAMTHITTA,G03041,Malayalapuzha,Konni
PATHANAMTHITTA,G03042,Panthalam- Thekkekkara,Adoor
PATHANAMTHITTA,G03044,Thumpamon,Adoor
PATHANAMTHITTA,G03045,Kulanada,Aranmula
PATHANAMTHITTA,G03046,Aranmula,Aranmula
PATHANAMTHITTA,G03047,Mezhuvely,Aranmula
PATHANAMTHITTA,G03048,Enadimangalam,Konni
PATHANAMTHITTA,G03049,Earathu,Adoor
PATHANAMTHITTA,G03050,Ezhamkulam,Adoor
PATHANAMTHITTA,G03051,Kadambanad,Adoor
PATHANAMTHITTA,G03052,Kalanjoor,Konni
PATHANAMTHITTA,G03053,Kodumon,Adoor
PATHANAMTHITTA,G03054,Pallickal,Adoor
PATHANAMTHITTA,M03008,Adoor,Adoor
PATHANAMTHITTA,M03009,Pathanamthitta,Aranmula
PATHANAMTHITTA,M03010,Thiruvalla,Thiruvalla
PATHANAMTHITTA,M03061,Pandalam,Adoor
THIRUVANANTHAPURAM,G01001,Parassala,Parassala
THIRUVANANTHAPURAM,G01002,Karode,Neyyattinkara
THIRUVANANTHAPURAM,G01003,Kulathoor,Neyyattinkara
THIRUVANANTHAPURAM,G01004,Chenkal,Neyyattinkara
THIRUVANANTHAPURAM,G01005,THIRUPURAM,Neyyattinkara
THIRUVANANTHAPURAM,G01006,Poovar,Kovalam
THIRUVANANTHAPURAM,G01007,Vellarada,Parassala
THIRUVANANTHAPURAM,G01008,Kunnathukal,Parassala
THIRUVANANTHAPURAM,G01009,Kollayil,Parassala
THIRUVANANTHAPURAM,G01010,Perumkadavila,Parassala
THIRUVANANTHAPURAM,G01011,Aryankode,Parassala
THIRUVANANTHAPURAM,G01012,Ottasekaramangalam,Parassala
THIRUVANANTHAPURAM,G01013,Kallikkadu,Parassala
THIRUVANANTHAPURAM,G01014,Amboori,Parassala
THIRUVANANTHAPURAM,G01015,Athiyannoor,Neyyattinkara
THIRUVANANTHAPURAM,G01016,Kanjiramkulam,Kovalam
THIRUVANANTHAPURAM,G01017,Karumkulam,Kovalam
THIRUVANANTHAPURAM,G01018,Kottukal,Kovalam
THIRUVANANTHAPURAM,G01019,Venganoor,Kovalam
THIRUVANANTHAPURAM,G01020,MARANALLUR,Kattakkada
THIRUVANANTHAPURAM,G01021,BALARAMAPURAM,Kovalam
THIRUVANANTHAPURAM,G01022,PALLICHAL,Kattakkada
THIRUVANANTHAPURAM,G01023,MALAYINKEEZHU,Kattakkada
THIRUVANANTHAPURAM,G01024,VILAPPIL,Kattakkada
THIRUVANANTHAPURAM,G01025,VILAVOORKAL,Kattakkada
THIRUVANANTHAPURAM,G01026,KALLIYOOR,Kovalam
THIRUVANANTHAPURAM,G01027,ANDOORKONAM,Nedumangad
THIRUVANANTHAPURAM,G01028,KADINAMKULAM,Chirayankeezhu
THIRUVANANTHAPURAM,G01029,MANGALAPURAM,Chirayankeezhu
THIRUVANANTHAPURAM,G01030,POTHENCODE,Chirayankeezhu
THIRUVANANTHAPURAM,G01031,AZHOOR,Chirayankeezhu
THIRUVANANTHAPURAM,G01032,Kattakada,Kattakkada
THIRUVANANTHAPURAM,G01033,Vellanad,Aruvikkara
THIRUVANANTHAPURAM,G01034,Poovachal,Aruvikkara
THIRUVANANTHAPURAM,G01035,Aryanad,Aruvikkara
THIRUVANANTHAPURAM,G01036,Vithura,Aruvikkara
THIRUVANANTHAPURAM,G01037,Kuttichal,Aruvikkara
THIRUVANANTHAPURAM,G01038,Uzhamalakkal,Aruvikkara
THIRUVANANTHAPURAM,G01039,Tholicode,Aruvikkara
THIRUVANANTHAPURAM,G01040,Karakulam,Nedumangad
THIRUVANANTHAPURAM,G01041,Aruvikkara,Aruvikkara
THIRUVANANTHAPURAM,G01042,Vembayam,Nedumangad
THIRUVANANTHAPURAM,G01043,Anadu,Vamanapuram
THIRUVANANTHAPURAM,G01044,Panavoor,Vamanapuram
THIRUVANANTHAPURAM,G01045,Vamanapuram,Vamanapuram
THIRUVANANTHAPURAM,G01046,Manickal,Nedumangad
THIRUVANANTHAPURAM,G01047,Nellanad,Vamanapuram
THIRUVANANTHAPURAM,G01048,Pullampara,Vamanapuram
THIRUVANANTHAPURAM,G01049,Nanniyode,Vamanapuram
THIRUVANANTHAPURAM,G01050,Peringammala,Vamanapuram
THIRUVANANTHAPURAM,G01051,Kallara,Vamanapuram
THIRUVANANTHAPURAM,G01052,Pangode,Vamanapuram
THIRUVANANTHAPURAM,G01053,Pulimath,Attingal
THIRUVANANTHAPURAM,G01054,Karavaram,Attingal
THIRUVANANTHAPURAM,G01055,Nagaroor,Attingal
THIRUVANANTHAPURAM,G01056,Pazhayakunnummel,Attingal
THIRUVANANTHAPURAM,G01057,Kilimanoor,Attingal
THIRUVANANTHAPURAM,G01058,Navayikulam,Varkala
THIRUVANANTHAPURAM,G01059,Madavoor,Varkala
THIRUVANANTHAPURAM,G01060,Pallikkal,Varkala
THIRUVANANTHAPURAM,G01061,Anchuthengu,Chirayankeezhu
THIRUVANANTHAPURAM,G01062,Vakkom,Attingal
THIRUVANANTHAPURAM,G01063,Chirayinkeezhu,Chirayankeezhu
THIRUVANANTHAPURAM,G01064,Kizhuvilam,Chirayankeezhu
THIRUVANANTHAPURAM,G01065,Mudakkal,Chirayankeezhu
THIRUVANANTHAPURAM,G01066,Kadakkavoor,Chirayankeezhu
THIRUVANANTHAPURAM,G01067,Vettoor,Varkala
THIRUVANANTHAPURAM,G01068,Cherunniyoor,Attingal
THIRUVANANTHAPURAM,G01069,Edava,Varkala
THIRUVANANTHAPURAM,G01070,Elakamon,Varkala
THIRUVANANTHAPURAM,G01071,Chemmaruthy,Varkala
THIRUVANANTHAPURAM,G01072,MANAMBOOR,Attingal
THIRUVANANTHAPURAM,G01073,Ottoor,Attingal
THIRUVANANTHAPURAM,M01001,Neyyattinkara,Neyyattinkara
THIRUVANANTHAPURAM,M01002,Nedumangad,Nedumangad
THIRUVANANTHAPURAM,M01003,Attingal,Attingal
THIRUVANANTHAPURAM,M01004,Varkala,Varkala
THRISSUR,G08001,Kadappuram,Guruvayoor
THRISSUR,G08002,Orumanayoor,Guruvayoor
THRISSUR,G08003,Punnayoor,Guruvayoor
THRISSUR,G08004,Punnayoorkulam,Guruvayoor
THRISSUR,G08005,Vadakkekkad,Guruvayoor
THRISSUR,G08006,Choondal,Manalur
THRISSUR,G08007,Chowannur,Kunnamkulam
THRISSUR,G08008,Kadavalloor,Kunnamkulam
THRISSUR,G08009,Kandanassery,Manalur
THRISSUR,G08010,Kattakampal,Kunnamkulam
THRISSUR,G08011,Porkulam,Kunnamkulam
THRISSUR,G08012,Kadangode,Kunnamkulam
THRISSUR,G08013,Velur,Kunnamkulam
THRISSUR,G08014,Desamangalam,Chelakkara
THRISSUR,G08015,Erumapetty,Kunnamkulam
THRISSUR,G08017,Mullurkkara,Chelakkara
THRISSUR,G08018,Thekkumkara,Vadakkancherry
THRISSUR,G08019,Varavoor,Chelakkara
THRISSUR,G08021,Chelakkara,Chelakkara
THRISSUR,G08022,Vallathole Nagar,Chelakkara
THRISSUR,G08023,Kondazhy,Chelakkara
THRISSUR,G08024,Panjal,Chelakkara
THRISSUR,G08025,Pazhayannur,Chelakkara
THRISSUR,G08026,Thiruvilwamala,Chelakkara
THRISSUR,G08027,Madakkathara,Ollur
THRISSUR,G08028,Nadathara,Ollur
THRISSUR,G08029,Pananchery,Ollur
THRISSUR,G08030,Puthur,Ollur
THRISSUR,G08031,Adat,Vadakkancherry
THRISSUR,G08032,Avanur,Vadakkancherry
THRISSUR,G08033,Kaiparambu,Vadakkancherry
THRISSUR,G08034,Mulamkunnathukavu,Vadakkancherry
THRISSUR,G08035,Tholur,Vadakkancherry
THRISSUR,G08036,Kolazhy,Vadakkancherry
THRISSUR,G08037,Elavally,Manalur
THRISSUR,G08038,Mullassery,Manalur
THRISSUR,G08039,Pavaratty,Manalur
THRISSUR,G08040,Venkitangu,Manalur
THRISSUR,G08041,Engandiyoor,Guruvayoor
THRISSUR,G08042,Vadanappilly,Manalur
THRISSUR,G08043,Thalikulam,Nattika
THRISSUR,G08044,Nattika,Nattika
THRISSUR,G08045,Valappad,Nattika
THRISSUR,G08046,Edathiruthy,Kaipamangalam
THRISSUR,G08047,Kaipamangalam,Kaipamangalam
THRISSUR,G08048,Mathilakam,Kaipamangalam
THRISSUR,G08049,Perinjanam,Kaipamangalam
THRISSUR,G08050,Sree Narayanapuram,Kaipamangalam
THRISSUR,G08051,Edavilangu,Kaipamangalam
THRISSUR,G08052,Eriyad,Kaipamangalam
THRISSUR,G08053,Anthikkad,Nattika
THRISSUR,G08054,Thanniam,Nattika
THRISSUR,G08055,Chazhur,Nattika
THRISSUR,G08056,Manalur,Manalur
THRISSUR,G08057,Arimbur,Manalur
THRISSUR,G08058,Avinissery,Nattika
THRISSUR,G08059,Cherpu,Nattika
THRISSUR,G08060,Paralam,Nattika
THRISSUR,G08061,Vallachira,Puthukkad
THRISSUR,G08062,Alagappanagar,Puthukkad
THRISSUR,G08063,Kodakara,Chalakudy
THRISSUR,G08064,Mattathur,Puthukkad
THRISSUR,G08065,Nenmanikkara,Puthukkad
THRISSUR,G08066,Pudukkad,Puthukkad
THRISSUR,G08067,Thrikkur,Puthukkad
THRISSUR,G08068,Varantharappilly,Puthukkad
THRISSUR,G08069,Karalam,Irinjalakkuda
THRISSUR,G08070,Kattoor,Irinjalakkuda
THRISSUR,G08071,Muriyad,Irinjalakkuda
THRISSUR,G08072,Parappookkara,Puthukkad
THRISSUR,G08073,Padiyoor,Irinjalakkuda
THRISSUR,G08074,Poomangalam,Irinjalakkuda
THRISSUR,G08075,Puthenchira,Kodungallur
THRISSUR,G08076,Vellangalur,Kodungallur
THRISSUR,G08077,Velookkara,Irinjalakkuda
THRISSUR,G08078,Aloor,Irinjalakkuda
THRISSUR,G08079,Annamanada,Kodungallur
THRISSUR,G08080,Kuzhur,Kodungallur
THRISSUR,G08081,Mala,Kodungallur
THRISSUR,G08082,Poyya,Kodungallur
THRISSUR,G08083,Kadukutty,Chalakudy
THRISSUR,G08084,Kodassery,Chalakudy
THRISSUR,G08085,Koratty,Chalakudy
THRISSUR,G08086,Meloor,Chalakudy
THRISSUR,G08087,Pariyaram,Chalakudy
THRISSUR,G08088,Athirappilly,Chalakudy
THRISSUR,M08032,Chalakudy,Chalakudy
THRISSUR,M08033,Irinjalakuda,Irinjalakkuda
THRISSUR,M08034,Kodungallur,Kodungallur
THRISSUR,M08035,Chavakkad,Guruvayoor
THRISSUR,M08036,Guruvayoor,Guruvayoor
THRISSUR,M08037,Kunnamkulam,Kunnamkulam
THRISSUR,M08068,Vadakkancherry,Vadakkancherry
WAYANAD,G12002,Vellamunda,Mananthavadi
WAYANAD,G12003,Thirunelly,Mananthavadi
WAYANAD,G12004,Thondernadu,Mananthavadi
WAYANAD,G12005,Edavaka,Mananthavadi
WAYANAD,G12006,Thavinhal,Mananthavadi
WAYANAD,G12008,Noolpuzha,Sulthan Batheri
WAYANAD,G12009,Nenmeni,Sulthan Batheri
WAYANAD,G12010,Ambalavayal,Sulthan Batheri
WAYANAD,G12011,Meenangadi,Sulthan Batheri
WAYANAD,G12012,Vengappally,Kalpetta
WAYANAD,G12013,Vythiri,Kalpetta
WAYANAD,G12014,Pozhuthana,Kalpetta
WAYANAD,G12015,Thariode,Kalpetta
WAYANAD,G12016,Meppadi,Kalpetta
WAYANAD,G12017,Muppainadu,Kalpetta
WAYANAD,G12018,Kottathara,Kalpetta
WAYANAD,G12019,Muttil,Kalpetta
WAYANAD,G12020,Padinjarathara,Kalpetta
WAYANAD,G12021,Panamaram,Mananthavadi
WAYANAD,G12022,Kaniyambetta,Kalpetta
WAYANAD,G12023,Poothady,Sulthan Batheri
WAYANAD,G12024,Pulpally,Sulthan Batheri
WAYANAD,G12025,Mullankolly,Sulthan Batheri
WAYANAD,M12051,Kalpetta,Kalpetta
WAYANAD,M12081,Mananthavadi,Mananthavadi
WAYANAD,M12082,Sulthanbethery,Sulthan Batheri
KANNUR,M13057,Mattannur,Mattannur